title,subject,level,order
Greetings,inglés,1º de Primaria,1
My Family,inglés,1º de Primaria,2
Colors and Shapes,inglés,1º de Primaria,3
Numbers 1-20,inglés,1º de Primaria,4
Animals,inglés,1º de Primaria,5
My School,inglés,2º de Primaria,1
Food and Drinks,inglés,2º de Primaria,2
The Body,inglés,2º de Primaria,3
Clothes,inglés,2º de Primaria,4
Weather,inglés,2º de Primaria,5
Present Simple,inglés,3º de Primaria,1
Daily Routine,inglés,3º de Primaria,2
Sports and Hobbies,inglés,3º de Primaria,3
My House,inglés,3º de Primaria,4
Adjectives,inglés,3º de Primaria,5
Past Simple,inglés,4º de Primaria,1
Holidays and Travel,inglés,4º de Primaria,2
Nature and Environment,inglés,4º de Primaria,3
Future with Going To,inglés,4º de Primaria,4
Comparatives and Superlatives,inglés,4º de Primaria,5
Present Continuous,inglés,5º de Primaria,1
Health and Body,inglés,5º de Primaria,2
Technology,inglés,5º de Primaria,3
Modal Verbs,inglés,5º de Primaria,4
Reading Comprehension,inglés,5º de Primaria,5
Reported Speech,inglés,6º de Primaria,1
Passive Voice Introduction,inglés,6º de Primaria,2
Conditionals 0 and 1,inglés,6º de Primaria,3
Phrasal Verbs,inglés,6º de Primaria,4
Writing Skills,inglés,6º de Primaria,5
Tenses Review,inglés,1º de ESO,1
Conditionals 1 and 2,inglés,1º de ESO,2
Passive Voice,inglés,1º de ESO,3
Relative Clauses,inglés,1º de ESO,4
Vocabulary in Context,inglés,1º de ESO,5
Perfect Tenses,inglés,2º de ESO,1
Reported Speech,inglés,2º de ESO,2
Modals of Deduction,inglés,2º de ESO,3
Linking Words,inglés,2º de ESO,4
Essay Writing,inglés,2º de ESO,5
Conditional 3,inglés,3º de ESO,1
Wishes and Regrets,inglés,3º de ESO,2
Inversion,inglés,3º de ESO,3
Academic Vocabulary,inglés,3º de ESO,4
Listening Skills,inglés,3º de ESO,5
B1 Grammar Review,inglés,4º de ESO,1
B1 Reading Strategies,inglés,4º de ESO,2
B1 Writing Formats,inglés,4º de ESO,3
B1 Speaking Fluency,inglés,4º de ESO,4
B1 Exam Preparation,inglés,4º de ESO,5
B2 Grammar,inglés,1º de Bachillerato,1
B2 Reading,inglés,1º de Bachillerato,2
B2 Listening,inglés,1º de Bachillerato,3
B2 Writing,inglés,1º de Bachillerato,4
B2 Speaking,inglés,1º de Bachillerato,5
Advanced Grammar,inglés,2º de Bachillerato,1
Selectividad Reading,inglés,2º de Bachillerato,2
Selectividad Writing,inglés,2º de Bachillerato,3
Selectividad Vocabulary,inglés,2º de Bachillerato,4
Selectividad Exam Practice,inglés,2º de Bachillerato,5
